{"cameraMode":{"drawMode":0,"name":"Shaded","section":"Shading Mode"},"sceneLighting":false,"audioPlay":false,"sceneViewState":{"m_AlwaysRefresh":false,"showFog":true,"showSkybox":false,"showFlares":true,"showImageEffects":true,"showParticleSystems":true,"showVisualEffectGraphs":true,"m_FxEnabled":true},"in2DMode":false,"pivot":{"x":-0.016699276864528657,"y":-0.03636413440108299,"z":-0.018634896725416185},"rotation":{"x":0.05074615031480789,"y":-0.5964322686195374,"z":0.03778812289237976,"w":0.8002219200134277},"size":0.09048299491405487,"orthographic":false}