{"cameraMode":{"drawMode":0,"name":"Shaded","section":"Shading Mode"},"sceneLighting":false,"audioPlay":false,"sceneViewState":{"m_AlwaysRefresh":false,"showFog":true,"showSkybox":false,"showFlares":true,"showImageEffects":true,"showParticleSystems":true,"showVisualEffectGraphs":true,"m_FxEnabled":true},"in2DMode":false,"pivot":{"x":0.02465243637561798,"y":0.03037777543067932,"z":-0.000037044286727905273},"rotation":{"x":0.23862256109714509,"y":-0.3936960995197296,"z":0.10640336573123932,"w":0.8814530968666077},"size":0.24022763967514039,"orthographic":false}