{"cameraMode":{"drawMode":0,"name":"Shaded","section":"Shading Mode"},"sceneLighting":true,"audioPlay":false,"sceneViewState":{"m_AlwaysRefresh":false,"showFog":true,"showSkybox":false,"showFlares":true,"showImageEffects":true,"showParticleSystems":true,"showVisualEffectGraphs":true,"m_FxEnabled":true},"in2DMode":false,"pivot":{"x":3.5922863483428957,"y":-0.8382337093353272,"z":-2.6872060298919679},"rotation":{"x":0.13158150017261506,"y":-0.8681230545043945,"z":0.31955841183662417,"w":0.35672277212142947},"size":0.47633546590805056,"orthographic":false}