{"cameraMode":{"drawMode":0,"name":"Shaded","section":"Shading Mode"},"sceneLighting":false,"audioPlay":false,"sceneViewState":{"m_AlwaysRefresh":false,"showFog":true,"showSkybox":false,"showFlares":true,"showImageEffects":true,"showParticleSystems":true,"showVisualEffectGraphs":true,"m_FxEnabled":true},"in2DMode":false,"pivot":{"x":-0.002400010824203491,"y":-0.35136878490448,"z":-0.0074998438358306889},"rotation":{"x":-0.16358211636543275,"y":0.8358667492866516,"z":-0.38574495911598208,"w":-0.3548242449760437},"size":1.0556150674819947,"orthographic":false}